{
  "Randomuse API for stress test-1" : {
    "transaction" : "Randomuse API for stress test-1",
    "sampleCount" : 3835,
    "errorCount" : 18,
    "errorPct" : 0.46936116,
    "meanResTime" : 433.74341590612846,
    "medianResTime" : 381.0,
    "minResTime" : 292.0,
    "maxResTime" : 6457.0,
    "pct1ResTime" : 557.0,
    "pct2ResTime" : 726.0,
    "pct3ResTime" : 1389.6399999999999,
    "throughput" : 3.196062384470887,
    "receivedKBytesPerSec" : 5.932647666572354,
    "sentKBytesPerSec" : 0.37141740600784723
  },
  "Randomuse API for stress test-0" : {
    "transaction" : "Randomuse API for stress test-0",
    "sampleCount" : 3835,
    "errorCount" : 0,
    "errorPct" : 0.0,
    "meanResTime" : 28.37705345501956,
    "medianResTime" : 15.0,
    "minResTime" : 8.0,
    "maxResTime" : 968.0,
    "pct1ResTime" : 42.0,
    "pct2ResTime" : 70.0,
    "pct3ResTime" : 325.0,
    "throughput" : 3.196874981764892,
    "receivedKBytesPerSec" : 2.5441794016321153,
    "sentKBytesPerSec" : 0.3715118387011935
  },
  "Total" : {
    "transaction" : "Total",
    "sampleCount" : 23010,
    "errorCount" : 54,
    "errorPct" : 0.23468058,
    "meanResTime" : 354.6647979139472,
    "medianResTime" : 353.0,
    "minResTime" : 8.0,
    "maxResTime" : 6591.0,
    "pct1ResTime" : 632.0,
    "pct2ResTime" : 852.0,
    "pct3ResTime" : 1975.900000000016,
    "throughput" : 19.159257476773252,
    "receivedKBytesPerSec" : 33.892846364882686,
    "sentKBytesPerSec" : 2.968687030906272
  },
  "Randomuse API for stress test" : {
    "transaction" : "Randomuse API for stress test",
    "sampleCount" : 3835,
    "errorCount" : 18,
    "errorPct" : 0.46936116,
    "meanResTime" : 462.2471968709272,
    "medianResTime" : 401.0,
    "minResTime" : 305.0,
    "maxResTime" : 6468.0,
    "pct1ResTime" : 623.0,
    "pct2ResTime" : 795.5999999999995,
    "pct3ResTime" : 1456.479999999999,
    "throughput" : 3.1960277583553003,
    "receivedKBytesPerSec" : 8.476088545386512,
    "sentKBytesPerSec" : 0.7428267641489857
  },
  "Randomuse API for laod test-1" : {
    "transaction" : "Randomuse API for laod test-1",
    "sampleCount" : 3835,
    "errorCount" : 9,
    "errorPct" : 0.23468058,
    "meanResTime" : 542.8555410691018,
    "medianResTime" : 404.0,
    "minResTime" : 311.0,
    "maxResTime" : 6577.0,
    "pct1ResTime" : 767.0,
    "pct2ResTime" : 1234.0,
    "pct3ResTime" : 3042.6399999999903,
    "throughput" : 3.194616716800352,
    "receivedKBytesPerSec" : 5.93909073534079,
    "sentKBytesPerSec" : 0.3712494036125409
  },
  "Randomuse API for laod test-0" : {
    "transaction" : "Randomuse API for laod test-0",
    "sampleCount" : 3835,
    "errorCount" : 0,
    "errorPct" : 0.0,
    "meanResTime" : 58.62659713168182,
    "medianResTime" : 25.0,
    "minResTime" : 12.0,
    "maxResTime" : 3065.0,
    "pct1ResTime" : 72.0,
    "pct2ResTime" : 113.39999999999964,
    "pct3ResTime" : 1036.0,
    "throughput" : 3.1962648290852598,
    "receivedKBytesPerSec" : 2.5437654460956396,
    "sentKBytesPerSec" : 0.37144093228627534
  },
  "Randomuse API for laod test" : {
    "transaction" : "Randomuse API for laod test",
    "sampleCount" : 3835,
    "errorCount" : 9,
    "errorPct" : 0.23468058,
    "meanResTime" : 602.1389830508481,
    "medianResTime" : 443.0,
    "minResTime" : 333.0,
    "maxResTime" : 6591.0,
    "pct1ResTime" : 910.6000000000004,
    "pct2ResTime" : 1461.999999999999,
    "pct3ResTime" : 3249.3199999999983,
    "throughput" : 3.194084572030147,
    "receivedKBytesPerSec" : 8.480131704714585,
    "sentKBytesPerSec" : 0.7423751251398193
  }
}